acousticness,analysis_url,danceability,duration_ms,energy,id,instrumentalness,key,liveness,loudness,mode,speechiness,tempo,time_signature,track_href,type,uri,valence,_id,bangerVote,songId,voteTime
0.371,https://api.spotify.com/v1/audio-analysis/7KA4W4McWYRpgf0fWsJZWB,0.558,180387,0.559,7KA4W4McWYRpgf0fWsJZWB,7.49e-06,6,0.109,-9.222,1,0.0959,78.558,4,https://api.spotify.com/v1/tracks/7KA4W4McWYRpgf0fWsJZWB,audio_features,spotify:track:7KA4W4McWYRpgf0fWsJZWB,0.62,5bf880b0421d7f0bafcf3156,true,7KA4W4McWYRpgf0fWsJZWB,2018-11-23 17:35:28.663
0.371,https://api.spotify.com/v1/audio-analysis/7KA4W4McWYRpgf0fWsJZWB,0.558,180387,0.559,7KA4W4McWYRpgf0fWsJZWB,7.49e-06,6,0.109,-9.222,1,0.0959,78.558,4,https://api.spotify.com/v1/tracks/7KA4W4McWYRpgf0fWsJZWB,audio_features,spotify:track:7KA4W4McWYRpgf0fWsJZWB,0.62,5bf880ca421d7f0bafcf3157,false,7KA4W4McWYRpgf0fWsJZWB,2018-11-23 17:35:54.685
0.371,https://api.spotify.com/v1/audio-analysis/7KA4W4McWYRpgf0fWsJZWB,0.558,180387,0.559,7KA4W4McWYRpgf0fWsJZWB,7.49e-06,6,0.109,-9.222,1,0.0959,78.558,4,https://api.spotify.com/v1/tracks/7KA4W4McWYRpgf0fWsJZWB,audio_features,spotify:track:7KA4W4McWYRpgf0fWsJZWB,0.62,5bf8c6eb421d7f29e83d38cb,true,7KA4W4McWYRpgf0fWsJZWB,2018-11-23 22:35:07.992
0.371,https://api.spotify.com/v1/audio-analysis/7KA4W4McWYRpgf0fWsJZWB,0.558,180387,0.559,7KA4W4McWYRpgf0fWsJZWB,7.49e-06,6,0.109,-9.222,1,0.0959,78.558,4,https://api.spotify.com/v1/tracks/7KA4W4McWYRpgf0fWsJZWB,audio_features,spotify:track:7KA4W4McWYRpgf0fWsJZWB,0.62,5bf8c7b6421d7f29e83d38ce,true,7KA4W4McWYRpgf0fWsJZWB,2018-11-23 22:38:30.940
0.371,https://api.spotify.com/v1/audio-analysis/7KA4W4McWYRpgf0fWsJZWB,0.558,180387,0.559,7KA4W4McWYRpgf0fWsJZWB,7.49e-06,6,0.109,-9.222,1,0.0959,78.558,4,https://api.spotify.com/v1/tracks/7KA4W4McWYRpgf0fWsJZWB,audio_features,spotify:track:7KA4W4McWYRpgf0fWsJZWB,0.62,5bf8c7c0421d7f29e83d38cf,true,7KA4W4McWYRpgf0fWsJZWB,2018-11-23 22:38:40.733
0.371,https://api.spotify.com/v1/audio-analysis/7KA4W4McWYRpgf0fWsJZWB,0.558,180387,0.559,7KA4W4McWYRpgf0fWsJZWB,7.49e-06,6,0.109,-9.222,1,0.0959,78.558,4,https://api.spotify.com/v1/tracks/7KA4W4McWYRpgf0fWsJZWB,audio_features,spotify:track:7KA4W4McWYRpgf0fWsJZWB,0.62,5bf880b0421d7f0bafcf3156,true,7KA4W4McWYRpgf0fWsJZWB,2018-11-23 17:35:28.663
0.371,https://api.spotify.com/v1/audio-analysis/7KA4W4McWYRpgf0fWsJZWB,0.558,180387,0.559,7KA4W4McWYRpgf0fWsJZWB,7.49e-06,6,0.109,-9.222,1,0.0959,78.558,4,https://api.spotify.com/v1/tracks/7KA4W4McWYRpgf0fWsJZWB,audio_features,spotify:track:7KA4W4McWYRpgf0fWsJZWB,0.62,5bf880ca421d7f0bafcf3157,false,7KA4W4McWYRpgf0fWsJZWB,2018-11-23 17:35:54.685
0.371,https://api.spotify.com/v1/audio-analysis/7KA4W4McWYRpgf0fWsJZWB,0.558,180387,0.559,7KA4W4McWYRpgf0fWsJZWB,7.49e-06,6,0.109,-9.222,1,0.0959,78.558,4,https://api.spotify.com/v1/tracks/7KA4W4McWYRpgf0fWsJZWB,audio_features,spotify:track:7KA4W4McWYRpgf0fWsJZWB,0.62,5bf8c6eb421d7f29e83d38cb,true,7KA4W4McWYRpgf0fWsJZWB,2018-11-23 22:35:07.992
0.371,https://api.spotify.com/v1/audio-analysis/7KA4W4McWYRpgf0fWsJZWB,0.558,180387,0.559,7KA4W4McWYRpgf0fWsJZWB,7.49e-06,6,0.109,-9.222,1,0.0959,78.558,4,https://api.spotify.com/v1/tracks/7KA4W4McWYRpgf0fWsJZWB,audio_features,spotify:track:7KA4W4McWYRpgf0fWsJZWB,0.62,5bf8c7b6421d7f29e83d38ce,true,7KA4W4McWYRpgf0fWsJZWB,2018-11-23 22:38:30.940
0.371,https://api.spotify.com/v1/audio-analysis/7KA4W4McWYRpgf0fWsJZWB,0.558,180387,0.559,7KA4W4McWYRpgf0fWsJZWB,7.49e-06,6,0.109,-9.222,1,0.0959,78.558,4,https://api.spotify.com/v1/tracks/7KA4W4McWYRpgf0fWsJZWB,audio_features,spotify:track:7KA4W4McWYRpgf0fWsJZWB,0.62,5bf8c7c0421d7f29e83d38cf,true,7KA4W4McWYRpgf0fWsJZWB,2018-11-23 22:38:40.733
0.371,https://api.spotify.com/v1/audio-analysis/7KA4W4McWYRpgf0fWsJZWB,0.558,180387,0.559,7KA4W4McWYRpgf0fWsJZWB,7.49e-06,6,0.109,-9.222,1,0.0959,78.558,4,https://api.spotify.com/v1/tracks/7KA4W4McWYRpgf0fWsJZWB,audio_features,spotify:track:7KA4W4McWYRpgf0fWsJZWB,0.62,5bf880b0421d7f0bafcf3156,true,7KA4W4McWYRpgf0fWsJZWB,2018-11-23 17:35:28.663
0.371,https://api.spotify.com/v1/audio-analysis/7KA4W4McWYRpgf0fWsJZWB,0.558,180387,0.559,7KA4W4McWYRpgf0fWsJZWB,7.49e-06,6,0.109,-9.222,1,0.0959,78.558,4,https://api.spotify.com/v1/tracks/7KA4W4McWYRpgf0fWsJZWB,audio_features,spotify:track:7KA4W4McWYRpgf0fWsJZWB,0.62,5bf880ca421d7f0bafcf3157,false,7KA4W4McWYRpgf0fWsJZWB,2018-11-23 17:35:54.685
0.371,https://api.spotify.com/v1/audio-analysis/7KA4W4McWYRpgf0fWsJZWB,0.558,180387,0.559,7KA4W4McWYRpgf0fWsJZWB,7.49e-06,6,0.109,-9.222,1,0.0959,78.558,4,https://api.spotify.com/v1/tracks/7KA4W4McWYRpgf0fWsJZWB,audio_features,spotify:track:7KA4W4McWYRpgf0fWsJZWB,0.62,5bf8c6eb421d7f29e83d38cb,true,7KA4W4McWYRpgf0fWsJZWB,2018-11-23 22:35:07.992
0.371,https://api.spotify.com/v1/audio-analysis/7KA4W4McWYRpgf0fWsJZWB,0.558,180387,0.559,7KA4W4McWYRpgf0fWsJZWB,7.49e-06,6,0.109,-9.222,1,0.0959,78.558,4,https://api.spotify.com/v1/tracks/7KA4W4McWYRpgf0fWsJZWB,audio_features,spotify:track:7KA4W4McWYRpgf0fWsJZWB,0.62,5bf8c7b6421d7f29e83d38ce,true,7KA4W4McWYRpgf0fWsJZWB,2018-11-23 22:38:30.940
0.371,https://api.spotify.com/v1/audio-analysis/7KA4W4McWYRpgf0fWsJZWB,0.558,180387,0.559,7KA4W4McWYRpgf0fWsJZWB,7.49e-06,6,0.109,-9.222,1,0.0959,78.558,4,https://api.spotify.com/v1/tracks/7KA4W4McWYRpgf0fWsJZWB,audio_features,spotify:track:7KA4W4McWYRpgf0fWsJZWB,0.62,5bf8c7c0421d7f29e83d38cf,true,7KA4W4McWYRpgf0fWsJZWB,2018-11-23 22:38:40.733
0.371,https://api.spotify.com/v1/audio-analysis/7KA4W4McWYRpgf0fWsJZWB,0.558,180387,0.559,7KA4W4McWYRpgf0fWsJZWB,7.49e-06,6,0.109,-9.222,1,0.0959,78.558,4,https://api.spotify.com/v1/tracks/7KA4W4McWYRpgf0fWsJZWB,audio_features,spotify:track:7KA4W4McWYRpgf0fWsJZWB,0.62,5bf880b0421d7f0bafcf3156,true,7KA4W4McWYRpgf0fWsJZWB,2018-11-23 17:35:28.663
0.371,https://api.spotify.com/v1/audio-analysis/7KA4W4McWYRpgf0fWsJZWB,0.558,180387,0.559,7KA4W4McWYRpgf0fWsJZWB,7.49e-06,6,0.109,-9.222,1,0.0959,78.558,4,https://api.spotify.com/v1/tracks/7KA4W4McWYRpgf0fWsJZWB,audio_features,spotify:track:7KA4W4McWYRpgf0fWsJZWB,0.62,5bf880ca421d7f0bafcf3157,false,7KA4W4McWYRpgf0fWsJZWB,2018-11-23 17:35:54.685
0.371,https://api.spotify.com/v1/audio-analysis/7KA4W4McWYRpgf0fWsJZWB,0.558,180387,0.559,7KA4W4McWYRpgf0fWsJZWB,7.49e-06,6,0.109,-9.222,1,0.0959,78.558,4,https://api.spotify.com/v1/tracks/7KA4W4McWYRpgf0fWsJZWB,audio_features,spotify:track:7KA4W4McWYRpgf0fWsJZWB,0.62,5bf8c6eb421d7f29e83d38cb,true,7KA4W4McWYRpgf0fWsJZWB,2018-11-23 22:35:07.992
0.371,https://api.spotify.com/v1/audio-analysis/7KA4W4McWYRpgf0fWsJZWB,0.558,180387,0.559,7KA4W4McWYRpgf0fWsJZWB,7.49e-06,6,0.109,-9.222,1,0.0959,78.558,4,https://api.spotify.com/v1/tracks/7KA4W4McWYRpgf0fWsJZWB,audio_features,spotify:track:7KA4W4McWYRpgf0fWsJZWB,0.62,5bf8c7b6421d7f29e83d38ce,true,7KA4W4McWYRpgf0fWsJZWB,2018-11-23 22:38:30.940
0.371,https://api.spotify.com/v1/audio-analysis/7KA4W4McWYRpgf0fWsJZWB,0.558,180387,0.559,7KA4W4McWYRpgf0fWsJZWB,7.49e-06,6,0.109,-9.222,1,0.0959,78.558,4,https://api.spotify.com/v1/tracks/7KA4W4McWYRpgf0fWsJZWB,audio_features,spotify:track:7KA4W4McWYRpgf0fWsJZWB,0.62,5bf8c7c0421d7f29e83d38cf,true,7KA4W4McWYRpgf0fWsJZWB,2018-11-23 22:38:40.733
0.371,https://api.spotify.com/v1/audio-analysis/7KA4W4McWYRpgf0fWsJZWB,0.558,180387,0.559,7KA4W4McWYRpgf0fWsJZWB,7.49e-06,6,0.109,-9.222,1,0.0959,78.558,4,https://api.spotify.com/v1/tracks/7KA4W4McWYRpgf0fWsJZWB,audio_features,spotify:track:7KA4W4McWYRpgf0fWsJZWB,0.62,5bf880b0421d7f0bafcf3156,true,7KA4W4McWYRpgf0fWsJZWB,2018-11-23 17:35:28.663
0.371,https://api.spotify.com/v1/audio-analysis/7KA4W4McWYRpgf0fWsJZWB,0.558,180387,0.559,7KA4W4McWYRpgf0fWsJZWB,7.49e-06,6,0.109,-9.222,1,0.0959,78.558,4,https://api.spotify.com/v1/tracks/7KA4W4McWYRpgf0fWsJZWB,audio_features,spotify:track:7KA4W4McWYRpgf0fWsJZWB,0.62,5bf880ca421d7f0bafcf3157,false,7KA4W4McWYRpgf0fWsJZWB,2018-11-23 17:35:54.685
0.371,https://api.spotify.com/v1/audio-analysis/7KA4W4McWYRpgf0fWsJZWB,0.558,180387,0.559,7KA4W4McWYRpgf0fWsJZWB,7.49e-06,6,0.109,-9.222,1,0.0959,78.558,4,https://api.spotify.com/v1/tracks/7KA4W4McWYRpgf0fWsJZWB,audio_features,spotify:track:7KA4W4McWYRpgf0fWsJZWB,0.62,5bf8c6eb421d7f29e83d38cb,true,7KA4W4McWYRpgf0fWsJZWB,2018-11-23 22:35:07.992
0.371,https://api.spotify.com/v1/audio-analysis/7KA4W4McWYRpgf0fWsJZWB,0.558,180387,0.559,7KA4W4McWYRpgf0fWsJZWB,7.49e-06,6,0.109,-9.222,1,0.0959,78.558,4,https://api.spotify.com/v1/tracks/7KA4W4McWYRpgf0fWsJZWB,audio_features,spotify:track:7KA4W4McWYRpgf0fWsJZWB,0.62,5bf8c7b6421d7f29e83d38ce,true,7KA4W4McWYRpgf0fWsJZWB,2018-11-23 22:38:30.940
0.371,https://api.spotify.com/v1/audio-analysis/7KA4W4McWYRpgf0fWsJZWB,0.558,180387,0.559,7KA4W4McWYRpgf0fWsJZWB,7.49e-06,6,0.109,-9.222,1,0.0959,78.558,4,https://api.spotify.com/v1/tracks/7KA4W4McWYRpgf0fWsJZWB,audio_features,spotify:track:7KA4W4McWYRpgf0fWsJZWB,0.62,5bf8c7c0421d7f29e83d38cf,true,7KA4W4McWYRpgf0fWsJZWB,2018-11-23 22:38:40.733
0.127,https://api.spotify.com/v1/audio-analysis/4bHsxqR3GMrXTxEPLuK5ue,0.5,250987,0.748,4bHsxqR3GMrXTxEPLuK5ue,0.0,4,0.447,-9.072,1,0.0363,118.852,4,https://api.spotify.com/v1/tracks/4bHsxqR3GMrXTxEPLuK5ue,audio_features,spotify:track:4bHsxqR3GMrXTxEPLuK5ue,0.514,5bf88136421d7f0bff397b31,false,4bHsxqR3GMrXTxEPLuK5ue,2018-11-23 17:37:42.354
0.0141,https://api.spotify.com/v1/audio-analysis/116H0KvKr2Zl4RPuVBruDO,0.817,210368,0.539,116H0KvKr2Zl4RPuVBruDO,0.000496,6,0.099,-6.349,0,0.0621,97.062,4,https://api.spotify.com/v1/tracks/116H0KvKr2Zl4RPuVBruDO,audio_features,spotify:track:116H0KvKr2Zl4RPuVBruDO,0.158,5bf881ed421d7f0d66c9a364,false,116H0KvKr2Zl4RPuVBruDO,2018-11-23 17:40:45.671
0.0141,https://api.spotify.com/v1/audio-analysis/116H0KvKr2Zl4RPuVBruDO,0.817,210368,0.539,116H0KvKr2Zl4RPuVBruDO,0.000496,6,0.099,-6.349,0,0.0621,97.062,4,https://api.spotify.com/v1/tracks/116H0KvKr2Zl4RPuVBruDO,audio_features,spotify:track:116H0KvKr2Zl4RPuVBruDO,0.158,5bf88221421d7f0dc6fdd5c3,false,116H0KvKr2Zl4RPuVBruDO,2018-11-23 17:41:37.261
0.0141,https://api.spotify.com/v1/audio-analysis/116H0KvKr2Zl4RPuVBruDO,0.817,210368,0.539,116H0KvKr2Zl4RPuVBruDO,0.000496,6,0.099,-6.349,0,0.0621,97.062,4,https://api.spotify.com/v1/tracks/116H0KvKr2Zl4RPuVBruDO,audio_features,spotify:track:116H0KvKr2Zl4RPuVBruDO,0.158,5bf881ed421d7f0d66c9a364,false,116H0KvKr2Zl4RPuVBruDO,2018-11-23 17:40:45.671
0.0141,https://api.spotify.com/v1/audio-analysis/116H0KvKr2Zl4RPuVBruDO,0.817,210368,0.539,116H0KvKr2Zl4RPuVBruDO,0.000496,6,0.099,-6.349,0,0.0621,97.062,4,https://api.spotify.com/v1/tracks/116H0KvKr2Zl4RPuVBruDO,audio_features,spotify:track:116H0KvKr2Zl4RPuVBruDO,0.158,5bf88221421d7f0dc6fdd5c3,false,116H0KvKr2Zl4RPuVBruDO,2018-11-23 17:41:37.261
0.00135,https://api.spotify.com/v1/audio-analysis/0gmbgwZ8iqyMPmXefof8Yf,0.446,223840,0.764,0gmbgwZ8iqyMPmXefof8Yf,0.0,10,0.099,-5.042,1,0.033,172.094,4,https://api.spotify.com/v1/tracks/0gmbgwZ8iqyMPmXefof8Yf,audio_features,spotify:track:0gmbgwZ8iqyMPmXefof8Yf,0.543,5bf88ef1421d7f0dc6fdd5c4,false,0gmbgwZ8iqyMPmXefof8Yf,2018-11-23 18:36:17.179
0.336,https://api.spotify.com/v1/audio-analysis/4sPmO7WMQUAf45kwMOtONw,0.481,295493,0.451,4sPmO7WMQUAf45kwMOtONw,0.0,5,0.0872,-6.095,0,0.0347,157.966,4,https://api.spotify.com/v1/tracks/4sPmO7WMQUAf45kwMOtONw,audio_features,spotify:track:4sPmO7WMQUAf45kwMOtONw,0.289,5bf8950b421d7f265d0c30f4,false,4sPmO7WMQUAf45kwMOtONw,2018-11-23 19:02:19.064
0.336,https://api.spotify.com/v1/audio-analysis/4sPmO7WMQUAf45kwMOtONw,0.481,295493,0.451,4sPmO7WMQUAf45kwMOtONw,0.0,5,0.0872,-6.095,0,0.0347,157.966,4,https://api.spotify.com/v1/tracks/4sPmO7WMQUAf45kwMOtONw,audio_features,spotify:track:4sPmO7WMQUAf45kwMOtONw,0.289,5bf8c72d421d7f29e83d38cd,false,4sPmO7WMQUAf45kwMOtONw,2018-11-23 22:36:13.666
0.336,https://api.spotify.com/v1/audio-analysis/4sPmO7WMQUAf45kwMOtONw,0.481,295493,0.451,4sPmO7WMQUAf45kwMOtONw,0.0,5,0.0872,-6.095,0,0.0347,157.966,4,https://api.spotify.com/v1/tracks/4sPmO7WMQUAf45kwMOtONw,audio_features,spotify:track:4sPmO7WMQUAf45kwMOtONw,0.289,5bf8cc16421d7f29e83d38d3,false,4sPmO7WMQUAf45kwMOtONw,2018-11-23 22:57:10.263
0.336,https://api.spotify.com/v1/audio-analysis/4sPmO7WMQUAf45kwMOtONw,0.481,295493,0.451,4sPmO7WMQUAf45kwMOtONw,0.0,5,0.0872,-6.095,0,0.0347,157.966,4,https://api.spotify.com/v1/tracks/4sPmO7WMQUAf45kwMOtONw,audio_features,spotify:track:4sPmO7WMQUAf45kwMOtONw,0.289,5bf8d7de421d7f3f41ed8ccc,false,4sPmO7WMQUAf45kwMOtONw,2018-11-23 23:47:26.717
0.336,https://api.spotify.com/v1/audio-analysis/4sPmO7WMQUAf45kwMOtONw,0.481,295493,0.451,4sPmO7WMQUAf45kwMOtONw,0.0,5,0.0872,-6.095,0,0.0347,157.966,4,https://api.spotify.com/v1/tracks/4sPmO7WMQUAf45kwMOtONw,audio_features,spotify:track:4sPmO7WMQUAf45kwMOtONw,0.289,5bf8950b421d7f265d0c30f4,false,4sPmO7WMQUAf45kwMOtONw,2018-11-23 19:02:19.064
0.336,https://api.spotify.com/v1/audio-analysis/4sPmO7WMQUAf45kwMOtONw,0.481,295493,0.451,4sPmO7WMQUAf45kwMOtONw,0.0,5,0.0872,-6.095,0,0.0347,157.966,4,https://api.spotify.com/v1/tracks/4sPmO7WMQUAf45kwMOtONw,audio_features,spotify:track:4sPmO7WMQUAf45kwMOtONw,0.289,5bf8c72d421d7f29e83d38cd,false,4sPmO7WMQUAf45kwMOtONw,2018-11-23 22:36:13.666
0.336,https://api.spotify.com/v1/audio-analysis/4sPmO7WMQUAf45kwMOtONw,0.481,295493,0.451,4sPmO7WMQUAf45kwMOtONw,0.0,5,0.0872,-6.095,0,0.0347,157.966,4,https://api.spotify.com/v1/tracks/4sPmO7WMQUAf45kwMOtONw,audio_features,spotify:track:4sPmO7WMQUAf45kwMOtONw,0.289,5bf8cc16421d7f29e83d38d3,false,4sPmO7WMQUAf45kwMOtONw,2018-11-23 22:57:10.263
0.336,https://api.spotify.com/v1/audio-analysis/4sPmO7WMQUAf45kwMOtONw,0.481,295493,0.451,4sPmO7WMQUAf45kwMOtONw,0.0,5,0.0872,-6.095,0,0.0347,157.966,4,https://api.spotify.com/v1/tracks/4sPmO7WMQUAf45kwMOtONw,audio_features,spotify:track:4sPmO7WMQUAf45kwMOtONw,0.289,5bf8d7de421d7f3f41ed8ccc,false,4sPmO7WMQUAf45kwMOtONw,2018-11-23 23:47:26.717
0.336,https://api.spotify.com/v1/audio-analysis/4sPmO7WMQUAf45kwMOtONw,0.481,295493,0.451,4sPmO7WMQUAf45kwMOtONw,0.0,5,0.0872,-6.095,0,0.0347,157.966,4,https://api.spotify.com/v1/tracks/4sPmO7WMQUAf45kwMOtONw,audio_features,spotify:track:4sPmO7WMQUAf45kwMOtONw,0.289,5bf8950b421d7f265d0c30f4,false,4sPmO7WMQUAf45kwMOtONw,2018-11-23 19:02:19.064
0.336,https://api.spotify.com/v1/audio-analysis/4sPmO7WMQUAf45kwMOtONw,0.481,295493,0.451,4sPmO7WMQUAf45kwMOtONw,0.0,5,0.0872,-6.095,0,0.0347,157.966,4,https://api.spotify.com/v1/tracks/4sPmO7WMQUAf45kwMOtONw,audio_features,spotify:track:4sPmO7WMQUAf45kwMOtONw,0.289,5bf8c72d421d7f29e83d38cd,false,4sPmO7WMQUAf45kwMOtONw,2018-11-23 22:36:13.666
0.336,https://api.spotify.com/v1/audio-analysis/4sPmO7WMQUAf45kwMOtONw,0.481,295493,0.451,4sPmO7WMQUAf45kwMOtONw,0.0,5,0.0872,-6.095,0,0.0347,157.966,4,https://api.spotify.com/v1/tracks/4sPmO7WMQUAf45kwMOtONw,audio_features,spotify:track:4sPmO7WMQUAf45kwMOtONw,0.289,5bf8cc16421d7f29e83d38d3,false,4sPmO7WMQUAf45kwMOtONw,2018-11-23 22:57:10.263
0.336,https://api.spotify.com/v1/audio-analysis/4sPmO7WMQUAf45kwMOtONw,0.481,295493,0.451,4sPmO7WMQUAf45kwMOtONw,0.0,5,0.0872,-6.095,0,0.0347,157.966,4,https://api.spotify.com/v1/tracks/4sPmO7WMQUAf45kwMOtONw,audio_features,spotify:track:4sPmO7WMQUAf45kwMOtONw,0.289,5bf8d7de421d7f3f41ed8ccc,false,4sPmO7WMQUAf45kwMOtONw,2018-11-23 23:47:26.717
0.336,https://api.spotify.com/v1/audio-analysis/4sPmO7WMQUAf45kwMOtONw,0.481,295493,0.451,4sPmO7WMQUAf45kwMOtONw,0.0,5,0.0872,-6.095,0,0.0347,157.966,4,https://api.spotify.com/v1/tracks/4sPmO7WMQUAf45kwMOtONw,audio_features,spotify:track:4sPmO7WMQUAf45kwMOtONw,0.289,5bf8950b421d7f265d0c30f4,false,4sPmO7WMQUAf45kwMOtONw,2018-11-23 19:02:19.064
0.336,https://api.spotify.com/v1/audio-analysis/4sPmO7WMQUAf45kwMOtONw,0.481,295493,0.451,4sPmO7WMQUAf45kwMOtONw,0.0,5,0.0872,-6.095,0,0.0347,157.966,4,https://api.spotify.com/v1/tracks/4sPmO7WMQUAf45kwMOtONw,audio_features,spotify:track:4sPmO7WMQUAf45kwMOtONw,0.289,5bf8c72d421d7f29e83d38cd,false,4sPmO7WMQUAf45kwMOtONw,2018-11-23 22:36:13.666
0.336,https://api.spotify.com/v1/audio-analysis/4sPmO7WMQUAf45kwMOtONw,0.481,295493,0.451,4sPmO7WMQUAf45kwMOtONw,0.0,5,0.0872,-6.095,0,0.0347,157.966,4,https://api.spotify.com/v1/tracks/4sPmO7WMQUAf45kwMOtONw,audio_features,spotify:track:4sPmO7WMQUAf45kwMOtONw,0.289,5bf8cc16421d7f29e83d38d3,false,4sPmO7WMQUAf45kwMOtONw,2018-11-23 22:57:10.263
0.336,https://api.spotify.com/v1/audio-analysis/4sPmO7WMQUAf45kwMOtONw,0.481,295493,0.451,4sPmO7WMQUAf45kwMOtONw,0.0,5,0.0872,-6.095,0,0.0347,157.966,4,https://api.spotify.com/v1/tracks/4sPmO7WMQUAf45kwMOtONw,audio_features,spotify:track:4sPmO7WMQUAf45kwMOtONw,0.289,5bf8d7de421d7f3f41ed8ccc,false,4sPmO7WMQUAf45kwMOtONw,2018-11-23 23:47:26.717
0.216,https://api.spotify.com/v1/audio-analysis/6NFyWDv5CjfwuzoCkw47Xf,0.75,232253,0.404,6NFyWDv5CjfwuzoCkw47Xf,0.000357,9,0.0911,-10.178,0,0.0682,95.045,4,https://api.spotify.com/v1/tracks/6NFyWDv5CjfwuzoCkw47Xf,audio_features,spotify:track:6NFyWDv5CjfwuzoCkw47Xf,0.0499,5bf8c71d421d7f29e83d38cc,false,6NFyWDv5CjfwuzoCkw47Xf,2018-11-23 22:35:57.882
0.053,https://api.spotify.com/v1/audio-analysis/0IrnW7t5oRzmSqIsH4wwWz,0.958,200361,0.616,0IrnW7t5oRzmSqIsH4wwWz,0.0,0,0.0956,-5.555,1,0.291,130.0,4,https://api.spotify.com/v1/tracks/0IrnW7t5oRzmSqIsH4wwWz,audio_features,spotify:track:0IrnW7t5oRzmSqIsH4wwWz,0.489,5bf8c7f2421d7f29e83d38d0,false,0IrnW7t5oRzmSqIsH4wwWz,2018-11-23 22:39:30.014
0.0591,https://api.spotify.com/v1/audio-analysis/2zYzyRzz6pRmhPzyfMEC8s,0.573,208400,0.913,2zYzyRzz6pRmhPzyfMEC8s,0.00173,6,0.156,-4.793,0,0.132,115.715,4,https://api.spotify.com/v1/tracks/2zYzyRzz6pRmhPzyfMEC8s,audio_features,spotify:track:2zYzyRzz6pRmhPzyfMEC8s,0.422,5bf8c948421d7f29e83d38d1,false,2zYzyRzz6pRmhPzyfMEC8s,2018-11-23 22:45:12.185
0.0134,https://api.spotify.com/v1/audio-analysis/1JIoBKIW1ktHCZW2v0cd7E,0.465,199813,0.749,1JIoBKIW1ktHCZW2v0cd7E,0.0,4,0.1,-5.5,1,0.099,126.156,4,https://api.spotify.com/v1/tracks/1JIoBKIW1ktHCZW2v0cd7E,audio_features,spotify:track:1JIoBKIW1ktHCZW2v0cd7E,0.586,5bf8c9ac421d7f29e83d38d2,false,1JIoBKIW1ktHCZW2v0cd7E,2018-11-23 22:46:52.674
0.0438,https://api.spotify.com/v1/audio-analysis/2Oi0IO8K4BEbhPUdWcjNmv,0.642,193580,0.957,2Oi0IO8K4BEbhPUdWcjNmv,0.0,6,0.273,-0.944,0,0.05,125.008,4,https://api.spotify.com/v1/tracks/2Oi0IO8K4BEbhPUdWcjNmv,audio_features,spotify:track:2Oi0IO8K4BEbhPUdWcjNmv,0.801,5bf8cc25421d7f29e83d38d4,false,2Oi0IO8K4BEbhPUdWcjNmv,2018-11-23 22:57:25.944
0.00899,https://api.spotify.com/v1/audio-analysis/18cCBvygH6yEFDY0cYN3wT,0.496,368373,0.549,18cCBvygH6yEFDY0cYN3wT,0.0248,2,0.0802,-5.414,1,0.034,89.997,4,https://api.spotify.com/v1/tracks/18cCBvygH6yEFDY0cYN3wT,audio_features,spotify:track:18cCBvygH6yEFDY0cYN3wT,0.14,5bf8d4db421d7f29e83d38d5,true,18cCBvygH6yEFDY0cYN3wT,2018-11-23 23:34:35.000
0.00899,https://api.spotify.com/v1/audio-analysis/18cCBvygH6yEFDY0cYN3wT,0.496,368373,0.549,18cCBvygH6yEFDY0cYN3wT,0.0248,2,0.0802,-5.414,1,0.034,89.997,4,https://api.spotify.com/v1/tracks/18cCBvygH6yEFDY0cYN3wT,audio_features,spotify:track:18cCBvygH6yEFDY0cYN3wT,0.14,5bf8d4fb421d7f29e83d38d6,true,18cCBvygH6yEFDY0cYN3wT,2018-11-23 23:35:07.678
0.00899,https://api.spotify.com/v1/audio-analysis/18cCBvygH6yEFDY0cYN3wT,0.496,368373,0.549,18cCBvygH6yEFDY0cYN3wT,0.0248,2,0.0802,-5.414,1,0.034,89.997,4,https://api.spotify.com/v1/tracks/18cCBvygH6yEFDY0cYN3wT,audio_features,spotify:track:18cCBvygH6yEFDY0cYN3wT,0.14,5bf8e82f421d7f3f41ed8d06,true,18cCBvygH6yEFDY0cYN3wT,2018-11-24 00:57:03.657
0.00899,https://api.spotify.com/v1/audio-analysis/18cCBvygH6yEFDY0cYN3wT,0.496,368373,0.549,18cCBvygH6yEFDY0cYN3wT,0.0248,2,0.0802,-5.414,1,0.034,89.997,4,https://api.spotify.com/v1/tracks/18cCBvygH6yEFDY0cYN3wT,audio_features,spotify:track:18cCBvygH6yEFDY0cYN3wT,0.14,5bf8d4db421d7f29e83d38d5,true,18cCBvygH6yEFDY0cYN3wT,2018-11-23 23:34:35.000
0.00899,https://api.spotify.com/v1/audio-analysis/18cCBvygH6yEFDY0cYN3wT,0.496,368373,0.549,18cCBvygH6yEFDY0cYN3wT,0.0248,2,0.0802,-5.414,1,0.034,89.997,4,https://api.spotify.com/v1/tracks/18cCBvygH6yEFDY0cYN3wT,audio_features,spotify:track:18cCBvygH6yEFDY0cYN3wT,0.14,5bf8d4fb421d7f29e83d38d6,true,18cCBvygH6yEFDY0cYN3wT,2018-11-23 23:35:07.678
0.00899,https://api.spotify.com/v1/audio-analysis/18cCBvygH6yEFDY0cYN3wT,0.496,368373,0.549,18cCBvygH6yEFDY0cYN3wT,0.0248,2,0.0802,-5.414,1,0.034,89.997,4,https://api.spotify.com/v1/tracks/18cCBvygH6yEFDY0cYN3wT,audio_features,spotify:track:18cCBvygH6yEFDY0cYN3wT,0.14,5bf8e82f421d7f3f41ed8d06,true,18cCBvygH6yEFDY0cYN3wT,2018-11-24 00:57:03.657
0.00899,https://api.spotify.com/v1/audio-analysis/18cCBvygH6yEFDY0cYN3wT,0.496,368373,0.549,18cCBvygH6yEFDY0cYN3wT,0.0248,2,0.0802,-5.414,1,0.034,89.997,4,https://api.spotify.com/v1/tracks/18cCBvygH6yEFDY0cYN3wT,audio_features,spotify:track:18cCBvygH6yEFDY0cYN3wT,0.14,5bf8d4db421d7f29e83d38d5,true,18cCBvygH6yEFDY0cYN3wT,2018-11-23 23:34:35.000
0.00899,https://api.spotify.com/v1/audio-analysis/18cCBvygH6yEFDY0cYN3wT,0.496,368373,0.549,18cCBvygH6yEFDY0cYN3wT,0.0248,2,0.0802,-5.414,1,0.034,89.997,4,https://api.spotify.com/v1/tracks/18cCBvygH6yEFDY0cYN3wT,audio_features,spotify:track:18cCBvygH6yEFDY0cYN3wT,0.14,5bf8d4fb421d7f29e83d38d6,true,18cCBvygH6yEFDY0cYN3wT,2018-11-23 23:35:07.678
0.00899,https://api.spotify.com/v1/audio-analysis/18cCBvygH6yEFDY0cYN3wT,0.496,368373,0.549,18cCBvygH6yEFDY0cYN3wT,0.0248,2,0.0802,-5.414,1,0.034,89.997,4,https://api.spotify.com/v1/tracks/18cCBvygH6yEFDY0cYN3wT,audio_features,spotify:track:18cCBvygH6yEFDY0cYN3wT,0.14,5bf8e82f421d7f3f41ed8d06,true,18cCBvygH6yEFDY0cYN3wT,2018-11-24 00:57:03.657
0.123,https://api.spotify.com/v1/audio-analysis/2eoMcPMt8GsnH7c6poebbo,0.351,373120,0.813,2eoMcPMt8GsnH7c6poebbo,0.00031,6,0.31,-6.794,0,0.0615,127.979,4,https://api.spotify.com/v1/tracks/2eoMcPMt8GsnH7c6poebbo,audio_features,spotify:track:2eoMcPMt8GsnH7c6poebbo,0.0874,5bf8d621421d7f3f41ed8ccb,false,2eoMcPMt8GsnH7c6poebbo,2018-11-23 23:40:01.611
0.644,https://api.spotify.com/v1/audio-analysis/1gMtCSb6kFHvFtw9E5Tx7B,0.663,145280,0.772,1gMtCSb6kFHvFtw9E5Tx7B,0.927,1,0.089,-5.72,0,0.0452,76.084,4,https://api.spotify.com/v1/tracks/1gMtCSb6kFHvFtw9E5Tx7B,audio_features,spotify:track:1gMtCSb6kFHvFtw9E5Tx7B,0.512,5bf8dbc1421d7f3f41ed8ccd,false,1gMtCSb6kFHvFtw9E5Tx7B,2018-11-24 00:04:01.646
0.00128,https://api.spotify.com/v1/audio-analysis/6zcWUhRicjiDYvvLmRDjD6,0.581,261802,0.818,6zcWUhRicjiDYvvLmRDjD6,0.0511,5,0.284,-4.589,0,0.0346,140.004,4,https://api.spotify.com/v1/tracks/6zcWUhRicjiDYvvLmRDjD6,audio_features,spotify:track:6zcWUhRicjiDYvvLmRDjD6,0.297,5bf8dbd2421d7f3f41ed8cce,true,6zcWUhRicjiDYvvLmRDjD6,2018-11-24 00:04:18.785
0.122,https://api.spotify.com/v1/audio-analysis/63wHYGzBwiFA95KqNwFl0x,0.49,192667,0.859,63wHYGzBwiFA95KqNwFl0x,0.831,4,0.206,-8.713,0,0.0488,163.012,4,https://api.spotify.com/v1/tracks/63wHYGzBwiFA95KqNwFl0x,audio_features,spotify:track:63wHYGzBwiFA95KqNwFl0x,0.545,5bf8dbe3421d7f3f41ed8ccf,false,63wHYGzBwiFA95KqNwFl0x,2018-11-24 00:04:35.684
0.102,https://api.spotify.com/v1/audio-analysis/1M19gudFgKQDT3oNGLtDaq,0.632,205893,0.573,1M19gudFgKQDT3oNGLtDaq,0.0,9,0.184,-6.837,1,0.073,160.144,4,https://api.spotify.com/v1/tracks/1M19gudFgKQDT3oNGLtDaq,audio_features,spotify:track:1M19gudFgKQDT3oNGLtDaq,0.735,5bf8dbee421d7f3f41ed8cd0,false,1M19gudFgKQDT3oNGLtDaq,2018-11-24 00:04:46.158
0.991,https://api.spotify.com/v1/audio-analysis/6t8AihqJCs1fm8XBFVAnHD,0.297,510133,0.0229,6t8AihqJCs1fm8XBFVAnHD,0.907,10,0.141,-30.993,1,0.0397,76.57,3,https://api.spotify.com/v1/tracks/6t8AihqJCs1fm8XBFVAnHD,audio_features,spotify:track:6t8AihqJCs1fm8XBFVAnHD,0.124,5bf8dbf6421d7f3f41ed8cd1,false,6t8AihqJCs1fm8XBFVAnHD,2018-11-24 00:04:54.458
0.0591,https://api.spotify.com/v1/audio-analysis/5GqKs4fH0611TFhqKwD9t4,0.778,204330,0.993,5GqKs4fH0611TFhqKwD9t4,0.0,0,0.36,-5.756,1,0.11,135.685,4,https://api.spotify.com/v1/tracks/5GqKs4fH0611TFhqKwD9t4,audio_features,spotify:track:5GqKs4fH0611TFhqKwD9t4,0.937,5bf8dc0f421d7f3f41ed8cd2,false,5GqKs4fH0611TFhqKwD9t4,2018-11-24 00:05:19.396
0.988,https://api.spotify.com/v1/audio-analysis/576kd5WZZ5qPPDRb8Pu50e,0.228,216120,0.0353,576kd5WZZ5qPPDRb8Pu50e,0.00964,11,0.144,-22.824,0,0.0431,105.044,4,https://api.spotify.com/v1/tracks/576kd5WZZ5qPPDRb8Pu50e,audio_features,spotify:track:576kd5WZZ5qPPDRb8Pu50e,0.173,5bf8dc1a421d7f3f41ed8cd3,false,576kd5WZZ5qPPDRb8Pu50e,2018-11-24 00:05:30.084
0.21,https://api.spotify.com/v1/audio-analysis/5HXFOaaJTEv0UQoUvXFXm5,0.573,214979,0.809,5HXFOaaJTEv0UQoUvXFXm5,0.0,6,0.676,-4.474,1,0.303,149.607,3,https://api.spotify.com/v1/tracks/5HXFOaaJTEv0UQoUvXFXm5,audio_features,spotify:track:5HXFOaaJTEv0UQoUvXFXm5,0.745,5bf8dc2b421d7f3f41ed8cd4,false,5HXFOaaJTEv0UQoUvXFXm5,2018-11-24 00:05:47.047
0.167,https://api.spotify.com/v1/audio-analysis/1yHzwHtT15mQzQYj1X0mEr,0.898,165301,0.746,1yHzwHtT15mQzQYj1X0mEr,1.04e-05,2,0.141,-6.09,1,0.189,105.973,4,https://api.spotify.com/v1/tracks/1yHzwHtT15mQzQYj1X0mEr,audio_features,spotify:track:1yHzwHtT15mQzQYj1X0mEr,0.414,5bf8dc35421d7f3f41ed8cd5,false,1yHzwHtT15mQzQYj1X0mEr,2018-11-24 00:05:57.899
0.141,https://api.spotify.com/v1/audio-analysis/65kgSNpMg5UPUVUNqGrA3D,0.607,271151,0.76,65kgSNpMg5UPUVUNqGrA3D,0.0,9,0.183,-5.651,1,0.141,79.533,4,https://api.spotify.com/v1/tracks/65kgSNpMg5UPUVUNqGrA3D,audio_features,spotify:track:65kgSNpMg5UPUVUNqGrA3D,0.542,5bf8dc41421d7f3f41ed8cd6,false,65kgSNpMg5UPUVUNqGrA3D,2018-11-24 00:06:09.547
0.545,https://api.spotify.com/v1/audio-analysis/4zfZi4L6lsf152iSWZo40Q,0.234,182368,0.372,4zfZi4L6lsf152iSWZo40Q,0.0704,2,0.0838,-12.107,0,0.032,69.539,4,https://api.spotify.com/v1/tracks/4zfZi4L6lsf152iSWZo40Q,audio_features,spotify:track:4zfZi4L6lsf152iSWZo40Q,0.0706,5bf8dc48421d7f3f41ed8cd7,false,4zfZi4L6lsf152iSWZo40Q,2018-11-24 00:06:16.507
0.993,https://api.spotify.com/v1/audio-analysis/6DpNJBEIlTzqVtbQ9S81kF,0.361,178440,0.053,6DpNJBEIlTzqVtbQ9S81kF,0.949,0,0.0879,-29.213,1,0.0379,135.613,4,https://api.spotify.com/v1/tracks/6DpNJBEIlTzqVtbQ9S81kF,audio_features,spotify:track:6DpNJBEIlTzqVtbQ9S81kF,0.494,5bf8dc50421d7f3f41ed8cd8,false,6DpNJBEIlTzqVtbQ9S81kF,2018-11-24 00:06:24.404
0.167,https://api.spotify.com/v1/audio-analysis/29rVgNQgTsORkOJUevAb5P,0.672,221600,0.798,29rVgNQgTsORkOJUevAb5P,1.29e-05,7,0.233,-6.349,0,0.0538,125.983,4,https://api.spotify.com/v1/tracks/29rVgNQgTsORkOJUevAb5P,audio_features,spotify:track:29rVgNQgTsORkOJUevAb5P,0.568,5bf8dc5f421d7f3f41ed8cd9,false,29rVgNQgTsORkOJUevAb5P,2018-11-24 00:06:39.335
0.374,https://api.spotify.com/v1/audio-analysis/0CJAjjdSBpvadGTtxQjBMx,0.659,185507,0.721,0CJAjjdSBpvadGTtxQjBMx,0.0,6,0.22,-5.919,0,0.242,95.079,4,https://api.spotify.com/v1/tracks/0CJAjjdSBpvadGTtxQjBMx,audio_features,spotify:track:0CJAjjdSBpvadGTtxQjBMx,0.752,5bf8dc75421d7f3f41ed8cda,false,0CJAjjdSBpvadGTtxQjBMx,2018-11-24 00:07:01.588
0.0168,https://api.spotify.com/v1/audio-analysis/4ta97KyyCWLCQAAFtOWFpy,0.737,368476,0.614,4ta97KyyCWLCQAAFtOWFpy,0.0534,6,0.0682,-6.001,0,0.4,127.987,4,https://api.spotify.com/v1/tracks/4ta97KyyCWLCQAAFtOWFpy,audio_features,spotify:track:4ta97KyyCWLCQAAFtOWFpy,0.406,5bf8dc97421d7f3f41ed8cdb,true,4ta97KyyCWLCQAAFtOWFpy,2018-11-24 00:07:35.001
0.0168,https://api.spotify.com/v1/audio-analysis/4ta97KyyCWLCQAAFtOWFpy,0.737,368476,0.614,4ta97KyyCWLCQAAFtOWFpy,0.0534,6,0.0682,-6.001,0,0.4,127.987,4,https://api.spotify.com/v1/tracks/4ta97KyyCWLCQAAFtOWFpy,audio_features,spotify:track:4ta97KyyCWLCQAAFtOWFpy,0.406,5bf8f387421d7f65aa045ce3,true,4ta97KyyCWLCQAAFtOWFpy,2018-11-24 01:45:27.008
0.0168,https://api.spotify.com/v1/audio-analysis/4ta97KyyCWLCQAAFtOWFpy,0.737,368476,0.614,4ta97KyyCWLCQAAFtOWFpy,0.0534,6,0.0682,-6.001,0,0.4,127.987,4,https://api.spotify.com/v1/tracks/4ta97KyyCWLCQAAFtOWFpy,audio_features,spotify:track:4ta97KyyCWLCQAAFtOWFpy,0.406,5bf8dc97421d7f3f41ed8cdb,true,4ta97KyyCWLCQAAFtOWFpy,2018-11-24 00:07:35.001
0.0168,https://api.spotify.com/v1/audio-analysis/4ta97KyyCWLCQAAFtOWFpy,0.737,368476,0.614,4ta97KyyCWLCQAAFtOWFpy,0.0534,6,0.0682,-6.001,0,0.4,127.987,4,https://api.spotify.com/v1/tracks/4ta97KyyCWLCQAAFtOWFpy,audio_features,spotify:track:4ta97KyyCWLCQAAFtOWFpy,0.406,5bf8f387421d7f65aa045ce3,true,4ta97KyyCWLCQAAFtOWFpy,2018-11-24 01:45:27.008
0.00293,https://api.spotify.com/v1/audio-analysis/2CgOd0Lj5MuvOqzqdaAXtS,0.276,218965,0.796,2CgOd0Lj5MuvOqzqdaAXtS,0.0,0,0.184,-4.499,1,0.0579,199.526,4,https://api.spotify.com/v1/tracks/2CgOd0Lj5MuvOqzqdaAXtS,audio_features,spotify:track:2CgOd0Lj5MuvOqzqdaAXtS,0.26,5bf8dcb0421d7f3f41ed8cdc,true,2CgOd0Lj5MuvOqzqdaAXtS,2018-11-24 00:08:00.416
0.0344,https://api.spotify.com/v1/audio-analysis/1JY6B9ILvmRla2IKKRZvnH,0.475,350690,0.703,1JY6B9ILvmRla2IKKRZvnH,1.96e-06,0,0.0723,-4.9,0,0.034,88.518,4,https://api.spotify.com/v1/tracks/1JY6B9ILvmRla2IKKRZvnH,audio_features,spotify:track:1JY6B9ILvmRla2IKKRZvnH,0.299,5bf8dcba421d7f3f41ed8cdd,true,1JY6B9ILvmRla2IKKRZvnH,2018-11-24 00:08:10.548
0.0036,https://api.spotify.com/v1/audio-analysis/422lAAWQO9TqL1LxIPdhOn,0.607,180333,0.783,422lAAWQO9TqL1LxIPdhOn,0.0,9,0.216,-6.891,1,0.139,87.026,4,https://api.spotify.com/v1/tracks/422lAAWQO9TqL1LxIPdhOn,audio_features,spotify:track:422lAAWQO9TqL1LxIPdhOn,0.182,5bf8dccd421d7f3f41ed8cde,false,422lAAWQO9TqL1LxIPdhOn,2018-11-24 00:08:29.834
0.125,https://api.spotify.com/v1/audio-analysis/3a2mGfHPwLcbjvm7akx7je,0.748,205805,0.827,3a2mGfHPwLcbjvm7akx7je,0.0,2,0.159,-4.909,1,0.227,152.016,4,https://api.spotify.com/v1/tracks/3a2mGfHPwLcbjvm7akx7je,audio_features,spotify:track:3a2mGfHPwLcbjvm7akx7je,0.352,5bf8dcd6421d7f3f41ed8cdf,false,3a2mGfHPwLcbjvm7akx7je,2018-11-24 00:08:38.917
0.994,https://api.spotify.com/v1/audio-analysis/4KF9S0LGrRBrBqv9PtnLix,0.26,441840,0.0381,4KF9S0LGrRBrBqv9PtnLix,0.911,8,0.661,-25.923,1,0.0387,63.861,4,https://api.spotify.com/v1/tracks/4KF9S0LGrRBrBqv9PtnLix,audio_features,spotify:track:4KF9S0LGrRBrBqv9PtnLix,0.0393,5bf8dce5421d7f3f41ed8ce0,false,4KF9S0LGrRBrBqv9PtnLix,2018-11-24 00:08:53.659
0.0662,https://api.spotify.com/v1/audio-analysis/5u9iCYtP0uUuwfkpoi0q2O,0.787,204307,0.89,5u9iCYtP0uUuwfkpoi0q2O,0.000329,1,0.162,-6.07,0,0.04,126.048,4,https://api.spotify.com/v1/tracks/5u9iCYtP0uUuwfkpoi0q2O,audio_features,spotify:track:5u9iCYtP0uUuwfkpoi0q2O,0.595,5bf8dd03421d7f3f41ed8ce1,true,5u9iCYtP0uUuwfkpoi0q2O,2018-11-24 00:09:23.037
0.479,https://api.spotify.com/v1/audio-analysis/0TI5k7v3igr8rywkhCL597,0.695,220239,0.636,0TI5k7v3igr8rywkhCL597,0.0,4,0.108,-6.952,0,0.128,96.973,4,https://api.spotify.com/v1/tracks/0TI5k7v3igr8rywkhCL597,audio_features,spotify:track:0TI5k7v3igr8rywkhCL597,0.211,5bf8dd13421d7f3f41ed8ce2,false,0TI5k7v3igr8rywkhCL597,2018-11-24 00:09:39.141
0.4,https://api.spotify.com/v1/audio-analysis/7fddpadoXk140bwqTj6efz,0.581,132307,0.611,7fddpadoXk140bwqTj6efz,0.0,0,0.115,-3.564,1,0.0347,81.672,4,https://api.spotify.com/v1/tracks/7fddpadoXk140bwqTj6efz,audio_features,spotify:track:7fddpadoXk140bwqTj6efz,0.646,5bf8dd1a421d7f3f41ed8ce3,false,7fddpadoXk140bwqTj6efz,2018-11-24 00:09:46.530
0.0775,https://api.spotify.com/v1/audio-analysis/0sjnG8VFFO5YOZkijXmG39,0.536,145693,0.549,0sjnG8VFFO5YOZkijXmG39,0.05,8,0.143,-9.865,1,0.027,76.714,4,https://api.spotify.com/v1/tracks/0sjnG8VFFO5YOZkijXmG39,audio_features,spotify:track:0sjnG8VFFO5YOZkijXmG39,0.574,5bf8dd21421d7f3f41ed8ce4,false,0sjnG8VFFO5YOZkijXmG39,2018-11-24 00:09:53.722
0.977,https://api.spotify.com/v1/audio-analysis/6xUrszOPD1efWCmJ9VosuN,0.372,81493,0.104,6xUrszOPD1efWCmJ9VosuN,0.922,0,0.527,-25.467,1,0.053,134.116,4,https://api.spotify.com/v1/tracks/6xUrszOPD1efWCmJ9VosuN,audio_features,spotify:track:6xUrszOPD1efWCmJ9VosuN,0.642,5bf8dd26421d7f3f41ed8ce5,false,6xUrszOPD1efWCmJ9VosuN,2018-11-24 00:09:58.373
0.741,https://api.spotify.com/v1/audio-analysis/5yCPyI7CWSb6RzLupHLnnn,0.764,128606,0.256,5yCPyI7CWSb6RzLupHLnnn,0.0,11,0.262,-9.934,1,0.0392,114.062,4,https://api.spotify.com/v1/tracks/5yCPyI7CWSb6RzLupHLnnn,audio_features,spotify:track:5yCPyI7CWSb6RzLupHLnnn,0.565,5bf8dd2e421d7f3f41ed8ce6,true,5yCPyI7CWSb6RzLupHLnnn,2018-11-24 00:10:06.474
0.0047,https://api.spotify.com/v1/audio-analysis/5FHlhFQjcfrC7SYwVzicMb,0.646,210800,0.857,5FHlhFQjcfrC7SYwVzicMb,0.0,3,0.364,-4.301,1,0.0365,124.923,4,https://api.spotify.com/v1/tracks/5FHlhFQjcfrC7SYwVzicMb,audio_features,spotify:track:5FHlhFQjcfrC7SYwVzicMb,0.468,5bf8dd3d421d7f3f41ed8ce7,false,5FHlhFQjcfrC7SYwVzicMb,2018-11-24 00:10:21.384
0.076,https://api.spotify.com/v1/audio-analysis/3UAiLw7sRQ01jMquQHXd1m,0.46,272154,0.542,3UAiLw7sRQ01jMquQHXd1m,0.175,0,0.291,-9.394,1,0.0265,74.968,4,https://api.spotify.com/v1/tracks/3UAiLw7sRQ01jMquQHXd1m,audio_features,spotify:track:3UAiLw7sRQ01jMquQHXd1m,0.101,5bf8dd44421d7f3f41ed8ce8,false,3UAiLw7sRQ01jMquQHXd1m,2018-11-24 00:10:28.970
2.1e-05,https://api.spotify.com/v1/audio-analysis/6cY4ESUrLnUR9Sqaw1PxvC,0.346,157973,0.758,6cY4ESUrLnUR9Sqaw1PxvC,0.0,9,0.158,-4.915,1,0.0325,145.995,4,https://api.spotify.com/v1/tracks/6cY4ESUrLnUR9Sqaw1PxvC,audio_features,spotify:track:6cY4ESUrLnUR9Sqaw1PxvC,0.337,5bf8dd4c421d7f3f41ed8ce9,false,6cY4ESUrLnUR9Sqaw1PxvC,2018-11-24 00:10:36.874
5.96e-05,https://api.spotify.com/v1/audio-analysis/5UWwZ5lm5PKu6eKsHAGxOk,0.412,250547,0.882,5UWwZ5lm5PKu6eKsHAGxOk,0.00031,11,0.0805,-5.54,0,0.0369,158.066,4,https://api.spotify.com/v1/tracks/5UWwZ5lm5PKu6eKsHAGxOk,audio_features,spotify:track:5UWwZ5lm5PKu6eKsHAGxOk,0.356,5bf8dd60421d7f3f41ed8cea,true,5UWwZ5lm5PKu6eKsHAGxOk,2018-11-24 00:10:56.201
0.00566,https://api.spotify.com/v1/audio-analysis/4XIW2gzPv9fTiNzK84MjVT,0.941,212947,0.632,4XIW2gzPv9fTiNzK84MjVT,0.0,4,0.131,-5.848,0,0.246,108.999,4,https://api.spotify.com/v1/tracks/4XIW2gzPv9fTiNzK84MjVT,audio_features,spotify:track:4XIW2gzPv9fTiNzK84MjVT,0.439,5bf8dd70421d7f3f41ed8ceb,false,4XIW2gzPv9fTiNzK84MjVT,2018-11-24 00:11:12.694
2.13e-05,https://api.spotify.com/v1/audio-analysis/27x312drfLW5yypRRCxtrA,0.457,164062,0.952,27x312drfLW5yypRRCxtrA,0.531,11,0.758,-6.074,0,0.054,139.959,4,https://api.spotify.com/v1/tracks/27x312drfLW5yypRRCxtrA,audio_features,spotify:track:27x312drfLW5yypRRCxtrA,0.432,5bf8dd76421d7f3f41ed8cec,true,27x312drfLW5yypRRCxtrA,2018-11-24 00:11:18.158
0.233,https://api.spotify.com/v1/audio-analysis/7yTHReLNPeAwjF0uJiZw9V,0.627,327440,0.794,7yTHReLNPeAwjF0uJiZw9V,1.59e-05,10,0.183,-7.511,1,0.0931,102.278,4,https://api.spotify.com/v1/tracks/7yTHReLNPeAwjF0uJiZw9V,audio_features,spotify:track:7yTHReLNPeAwjF0uJiZw9V,0.788,5bf8dd7c421d7f3f41ed8ced,false,7yTHReLNPeAwjF0uJiZw9V,2018-11-24 00:11:24.152
0.986,https://api.spotify.com/v1/audio-analysis/7y44sIxPSAhs63rK27eI8E,0.351,790387,0.093,7y44sIxPSAhs63rK27eI8E,0.916,7,0.0812,-21.391,1,0.0379,122.978,4,https://api.spotify.com/v1/tracks/7y44sIxPSAhs63rK27eI8E,audio_features,spotify:track:7y44sIxPSAhs63rK27eI8E,0.149,5bf8dd81421d7f3f41ed8cee,false,7y44sIxPSAhs63rK27eI8E,2018-11-24 00:11:29.203
0.196,https://api.spotify.com/v1/audio-analysis/1EAewdHog0LG6kX1TFNyiQ,0.784,205798,0.835,1EAewdHog0LG6kX1TFNyiQ,0.0,7,0.11,-7.34,1,0.388,141.022,4,https://api.spotify.com/v1/tracks/1EAewdHog0LG6kX1TFNyiQ,audio_features,spotify:track:1EAewdHog0LG6kX1TFNyiQ,0.549,5bf8dd86421d7f3f41ed8cef,false,1EAewdHog0LG6kX1TFNyiQ,2018-11-24 00:11:34.599
0.261,https://api.spotify.com/v1/audio-analysis/3Z93gGwfVOieboxCkCRjLR,0.428,273320,0.435,3Z93gGwfVOieboxCkCRjLR,0.0,5,0.091,-11.573,1,0.035,160.34,4,https://api.spotify.com/v1/tracks/3Z93gGwfVOieboxCkCRjLR,audio_features,spotify:track:3Z93gGwfVOieboxCkCRjLR,0.326,5bf8dd90421d7f3f41ed8cf0,false,3Z93gGwfVOieboxCkCRjLR,2018-11-24 00:11:44.286
0.529,https://api.spotify.com/v1/audio-analysis/2EsKbIYSGFTuAgC6di6NMJ,0.484,224026,0.611,2EsKbIYSGFTuAgC6di6NMJ,0.0,0,0.158,-10.135,1,0.226,98.307,5,https://api.spotify.com/v1/tracks/2EsKbIYSGFTuAgC6di6NMJ,audio_features,spotify:track:2EsKbIYSGFTuAgC6di6NMJ,0.503,5bf8dd98421d7f3f41ed8cf1,false,2EsKbIYSGFTuAgC6di6NMJ,2018-11-24 00:11:52.378
0.0303,https://api.spotify.com/v1/audio-analysis/7si9bvMzqkXvPSGNJ42B3A,0.592,141200,0.746,7si9bvMzqkXvPSGNJ42B3A,0.0,9,0.153,-7.1,1,0.0574,150.054,4,https://api.spotify.com/v1/tracks/7si9bvMzqkXvPSGNJ42B3A,audio_features,spotify:track:7si9bvMzqkXvPSGNJ42B3A,0.843,5bf8dd9f421d7f3f41ed8cf2,false,7si9bvMzqkXvPSGNJ42B3A,2018-11-24 00:11:59.889
0.986,https://api.spotify.com/v1/audio-analysis/2w4zdEVFFAwKFh3UYJAz6e,0.237,155120,0.256,2w4zdEVFFAwKFh3UYJAz6e,0.958,4,0.1,-14.273,1,0.0342,173.663,3,https://api.spotify.com/v1/tracks/2w4zdEVFFAwKFh3UYJAz6e,audio_features,spotify:track:2w4zdEVFFAwKFh3UYJAz6e,0.44,5bf8ddab421d7f3f41ed8cf3,false,2w4zdEVFFAwKFh3UYJAz6e,2018-11-24 00:12:11.296
0.346,https://api.spotify.com/v1/audio-analysis/1HbDYc0UAyMePoJwBapXka,0.377,255093,0.401,1HbDYc0UAyMePoJwBapXka,0.0,8,0.0939,-15.2,1,0.0411,83.99,4,https://api.spotify.com/v1/tracks/1HbDYc0UAyMePoJwBapXka,audio_features,spotify:track:1HbDYc0UAyMePoJwBapXka,0.364,5bf8ddb2421d7f3f41ed8cf4,false,1HbDYc0UAyMePoJwBapXka,2018-11-24 00:12:18.628
0.428,https://api.spotify.com/v1/audio-analysis/4isBysPbQzkbOCd41FDWHo,0.504,237293,0.0673,4isBysPbQzkbOCd41FDWHo,0.278,5,0.0767,-15.658,1,0.0365,119.973,4,https://api.spotify.com/v1/tracks/4isBysPbQzkbOCd41FDWHo,audio_features,spotify:track:4isBysPbQzkbOCd41FDWHo,0.0549,5bf8ddbb421d7f3f41ed8cf5,false,4isBysPbQzkbOCd41FDWHo,2018-11-24 00:12:27.504
0.989,https://api.spotify.com/v1/audio-analysis/37eLhLyw7UaKD8yZwAQxJ8,0.139,255280,0.026,37eLhLyw7UaKD8yZwAQxJ8,0.932,5,0.123,-26.239,1,0.0472,75.405,4,https://api.spotify.com/v1/tracks/37eLhLyw7UaKD8yZwAQxJ8,audio_features,spotify:track:37eLhLyw7UaKD8yZwAQxJ8,0.0423,5bf8ddc1421d7f3f41ed8cf6,false,37eLhLyw7UaKD8yZwAQxJ8,2018-11-24 00:12:33.448
0.02,https://api.spotify.com/v1/audio-analysis/5OZGoO9wXzpu1JHu3LkJZu,0.693,203387,0.766,5OZGoO9wXzpu1JHu3LkJZu,0.0,1,0.135,-4.121,1,0.104,129.989,4,https://api.spotify.com/v1/tracks/5OZGoO9wXzpu1JHu3LkJZu,audio_features,spotify:track:5OZGoO9wXzpu1JHu3LkJZu,0.785,5bf8ddc7421d7f3f41ed8cf7,false,5OZGoO9wXzpu1JHu3LkJZu,2018-11-24 00:12:39.592
0.131,https://api.spotify.com/v1/audio-analysis/3UP06YJPWhRAEdRVV9JdHX,0.723,165250,0.626,3UP06YJPWhRAEdRVV9JdHX,0.0,10,0.11,-6.041,0,0.0447,112.072,4,https://api.spotify.com/v1/tracks/3UP06YJPWhRAEdRVV9JdHX,audio_features,spotify:track:3UP06YJPWhRAEdRVV9JdHX,0.238,5bf8ddcc421d7f3f41ed8cf8,false,3UP06YJPWhRAEdRVV9JdHX,2018-11-24 00:12:44.652
0.8,https://api.spotify.com/v1/audio-analysis/55O2QgjjBbzSryspEKUeDW,0.723,96912,0.222,55O2QgjjBbzSryspEKUeDW,0.0,2,0.111,-14.781,0,0.259,57.146,4,https://api.spotify.com/v1/tracks/55O2QgjjBbzSryspEKUeDW,audio_features,spotify:track:55O2QgjjBbzSryspEKUeDW,0.709,5bf8dde7421d7f3f41ed8cf9,false,55O2QgjjBbzSryspEKUeDW,2018-11-24 00:13:11.616
0.211,https://api.spotify.com/v1/audio-analysis/41VXYrNOMbsOfoNMDZu5gl,0.783,193771,0.405,41VXYrNOMbsOfoNMDZu5gl,0.0,6,0.201,-10.716,0,0.326,74.505,4,https://api.spotify.com/v1/tracks/41VXYrNOMbsOfoNMDZu5gl,audio_features,spotify:track:41VXYrNOMbsOfoNMDZu5gl,0.54,5bf8ddef421d7f3f41ed8cfa,false,41VXYrNOMbsOfoNMDZu5gl,2018-11-24 00:13:19.523
0.753,https://api.spotify.com/v1/audio-analysis/2FO2Z7K49PcfQVs6Mghrqp,0.445,530467,0.287,2FO2Z7K49PcfQVs6Mghrqp,0.852,8,0.253,-15.663,0,0.0351,56.417,4,https://api.spotify.com/v1/tracks/2FO2Z7K49PcfQVs6Mghrqp,audio_features,spotify:track:2FO2Z7K49PcfQVs6Mghrqp,0.197,5bf8ddf7421d7f3f41ed8cfb,false,2FO2Z7K49PcfQVs6Mghrqp,2018-11-24 00:13:27.422
0.643,https://api.spotify.com/v1/audio-analysis/11fM8oYLVbCIaVWl11b42e,0.707,153000,0.354,11fM8oYLVbCIaVWl11b42e,6.97e-05,1,0.117,-8.544,0,0.0283,93.036,4,https://api.spotify.com/v1/tracks/11fM8oYLVbCIaVWl11b42e,audio_features,spotify:track:11fM8oYLVbCIaVWl11b42e,0.807,5bf8de08421d7f3f41ed8cfc,true,11fM8oYLVbCIaVWl11b42e,2018-11-24 00:13:44.219
0.0965,https://api.spotify.com/v1/audio-analysis/4lA3CCamQqDz4TIakAVi3J,0.505,197232,0.684,4lA3CCamQqDz4TIakAVi3J,0.0,2,0.0731,-5.349,1,0.03,78.088,4,https://api.spotify.com/v1/tracks/4lA3CCamQqDz4TIakAVi3J,audio_features,spotify:track:4lA3CCamQqDz4TIakAVi3J,0.216,5bf8de0d421d7f3f41ed8cfd,false,4lA3CCamQqDz4TIakAVi3J,2018-11-24 00:13:49.528
0.992,https://api.spotify.com/v1/audio-analysis/2UEaXEtURAg1X4RQqpqC11,0.421,126440,0.0107,2UEaXEtURAg1X4RQqpqC11,0.888,4,0.133,-25.569,0,0.0459,130.662,4,https://api.spotify.com/v1/tracks/2UEaXEtURAg1X4RQqpqC11,audio_features,spotify:track:2UEaXEtURAg1X4RQqpqC11,0.0367,5bf8de12421d7f3f41ed8cfe,false,2UEaXEtURAg1X4RQqpqC11,2018-11-24 00:13:54.513
0.168,https://api.spotify.com/v1/audio-analysis/7uqXoZoKZKjuRdNphOQOgU,0.505,235200,0.848,7uqXoZoKZKjuRdNphOQOgU,0.000121,6,0.116,-2.174,1,0.0823,150.04,4,https://api.spotify.com/v1/tracks/7uqXoZoKZKjuRdNphOQOgU,audio_features,spotify:track:7uqXoZoKZKjuRdNphOQOgU,0.281,5bf8de1f421d7f3f41ed8cff,true,7uqXoZoKZKjuRdNphOQOgU,2018-11-24 00:14:07.935
0.0168,https://api.spotify.com/v1/audio-analysis/5LCaw96SsbpHAQFAcbFwbI,0.706,243692,0.935,5LCaw96SsbpHAQFAcbFwbI,4.62e-05,6,0.106,-2.418,1,0.0565,130.001,4,https://api.spotify.com/v1/tracks/5LCaw96SsbpHAQFAcbFwbI,audio_features,spotify:track:5LCaw96SsbpHAQFAcbFwbI,0.214,5bf8de36421d7f3f41ed8d00,true,5LCaw96SsbpHAQFAcbFwbI,2018-11-24 00:14:30.334
0.501,https://api.spotify.com/v1/audio-analysis/7ykMO4py7Nvrgf2vUHBkzr,0.432,206727,0.85,7ykMO4py7Nvrgf2vUHBkzr,6.59e-06,10,0.203,-4.417,1,0.0771,82.607,4,https://api.spotify.com/v1/tracks/7ykMO4py7Nvrgf2vUHBkzr,audio_features,spotify:track:7ykMO4py7Nvrgf2vUHBkzr,0.109,5bf8de61421d7f3f41ed8d01,true,7ykMO4py7Nvrgf2vUHBkzr,2018-11-24 00:15:13.440
0.17,https://api.spotify.com/v1/audio-analysis/6nk2p0MZdHTaIJ42Du1ucc,0.517,295120,0.817,6nk2p0MZdHTaIJ42Du1ucc,0.0,2,0.801,-5.776,1,0.338,200.028,4,https://api.spotify.com/v1/tracks/6nk2p0MZdHTaIJ42Du1ucc,audio_features,spotify:track:6nk2p0MZdHTaIJ42Du1ucc,0.543,5bf8e3a6421d7f3f41ed8d02,false,6nk2p0MZdHTaIJ42Du1ucc,2018-11-24 00:37:42.241
0.0366,https://api.spotify.com/v1/audio-analysis/4Xmyvm91ID9X7CTP0VoHlu,0.661,229181,0.769,4Xmyvm91ID9X7CTP0VoHlu,0.0,5,0.097,-6.191,1,0.0385,128.007,4,https://api.spotify.com/v1/tracks/4Xmyvm91ID9X7CTP0VoHlu,audio_features,spotify:track:4Xmyvm91ID9X7CTP0VoHlu,0.404,5bf8e5c1421d7f3f41ed8d03,false,4Xmyvm91ID9X7CTP0VoHlu,2018-11-24 00:46:41.671
0.0382,https://api.spotify.com/v1/audio-analysis/7d9o30zOO3ukNhb7UJqi7d,0.594,305013,0.812,7d9o30zOO3ukNhb7UJqi7d,0.0,2,0.157,-5.04,1,0.033,95.992,4,https://api.spotify.com/v1/tracks/7d9o30zOO3ukNhb7UJqi7d,audio_features,spotify:track:7d9o30zOO3ukNhb7UJqi7d,0.56,5bf8e68e421d7f3f41ed8d04,false,7d9o30zOO3ukNhb7UJqi7d,2018-11-24 00:50:06.560
0.714,https://api.spotify.com/v1/audio-analysis/4xSDDNtYzm8guzc3v4FYF0,0.568,202500,0.603,4xSDDNtYzm8guzc3v4FYF0,0.0,9,0.104,-6.765,1,0.0522,111.856,4,https://api.spotify.com/v1/tracks/4xSDDNtYzm8guzc3v4FYF0,audio_features,spotify:track:4xSDDNtYzm8guzc3v4FYF0,0.0702,5bf8e80d421d7f3f41ed8d05,false,4xSDDNtYzm8guzc3v4FYF0,2018-11-24 00:56:29.649
0.85,https://api.spotify.com/v1/audio-analysis/44Brdsu2JvKCLbG8qW5X1D,0.59,315675,0.67,44Brdsu2JvKCLbG8qW5X1D,0.0,9,0.129,-5.832,0,0.11,113.166,4,https://api.spotify.com/v1/tracks/44Brdsu2JvKCLbG8qW5X1D,audio_features,spotify:track:44Brdsu2JvKCLbG8qW5X1D,0.764,5bf8e8a3421d7f3f41ed8d07,false,44Brdsu2JvKCLbG8qW5X1D,2018-11-24 00:58:59.729
0.0917,https://api.spotify.com/v1/audio-analysis/5iTPtdAustSXMYJkPmfIPB,0.704,72727,0.553,5iTPtdAustSXMYJkPmfIPB,0.859,5,0.106,-11.421,0,0.0478,164.933,4,https://api.spotify.com/v1/tracks/5iTPtdAustSXMYJkPmfIPB,audio_features,spotify:track:5iTPtdAustSXMYJkPmfIPB,0.672,5bf8e8a9421d7f3f41ed8d08,false,5iTPtdAustSXMYJkPmfIPB,2018-11-24 00:59:05.973
0.393,https://api.spotify.com/v1/audio-analysis/3aMMo2oOj8jwG45noZObma,0.676,294584,0.746,3aMMo2oOj8jwG45noZObma,0.0,1,0.338,-3.556,0,0.15,77.041,4,https://api.spotify.com/v1/tracks/3aMMo2oOj8jwG45noZObma,audio_features,spotify:track:3aMMo2oOj8jwG45noZObma,0.391,5bf8e8b9421d7f3f41ed8d09,false,3aMMo2oOj8jwG45noZObma,2018-11-24 00:59:21.495
0.536,https://api.spotify.com/v1/audio-analysis/2rUIHodNS9Qr2RtPJaEjmm,0.168,65387,0.0768,2rUIHodNS9Qr2RtPJaEjmm,0.00468,5,0.151,-22.635,1,0.0379,84.027,3,https://api.spotify.com/v1/tracks/2rUIHodNS9Qr2RtPJaEjmm,audio_features,spotify:track:2rUIHodNS9Qr2RtPJaEjmm,0.152,5bf8e8c0421d7f3f41ed8d0a,false,2rUIHodNS9Qr2RtPJaEjmm,2018-11-24 00:59:28.744
0.412,https://api.spotify.com/v1/audio-analysis/3Os9503dPpKKmO2ED9fK7r,0.592,208240,0.52,3Os9503dPpKKmO2ED9fK7r,0.0,9,0.128,-5.303,1,0.259,165.266,4,https://api.spotify.com/v1/tracks/3Os9503dPpKKmO2ED9fK7r,audio_features,spotify:track:3Os9503dPpKKmO2ED9fK7r,0.49,5bf8e8c9421d7f3f41ed8d0b,false,3Os9503dPpKKmO2ED9fK7r,2018-11-24 00:59:37.024
0.991,https://api.spotify.com/v1/audio-analysis/22pyvfaIdwupHs6A1r8JFt,0.287,291000,0.046,22pyvfaIdwupHs6A1r8JFt,0.783,2,0.097,-22.118,1,0.0451,153.151,4,https://api.spotify.com/v1/tracks/22pyvfaIdwupHs6A1r8JFt,audio_features,spotify:track:22pyvfaIdwupHs6A1r8JFt,0.343,5bf8e8d1421d7f3f41ed8d0c,false,22pyvfaIdwupHs6A1r8JFt,2018-11-24 00:59:45.318
0.0744,https://api.spotify.com/v1/audio-analysis/1RpbCPbhbJ7mSUH9vjcQl1,0.798,351457,0.954,1RpbCPbhbJ7mSUH9vjcQl1,0.426,2,0.176,-6.266,1,0.0568,120.945,4,https://api.spotify.com/v1/tracks/1RpbCPbhbJ7mSUH9vjcQl1,audio_features,spotify:track:1RpbCPbhbJ7mSUH9vjcQl1,0.753,5bf8e8d9421d7f3f41ed8d0d,false,1RpbCPbhbJ7mSUH9vjcQl1,2018-11-24 00:59:53.758
0.0969,https://api.spotify.com/v1/audio-analysis/5JEx7HbmvHQQswJCsoo9rA,0.574,182623,0.758,5JEx7HbmvHQQswJCsoo9rA,0.0,1,0.395,-5.029,0,0.0621,144.111,4,https://api.spotify.com/v1/tracks/5JEx7HbmvHQQswJCsoo9rA,audio_features,spotify:track:5JEx7HbmvHQQswJCsoo9rA,0.492,5bf8e8e9421d7f3f41ed8d0e,true,5JEx7HbmvHQQswJCsoo9rA,2018-11-24 01:00:09.351
0.0748,https://api.spotify.com/v1/audio-analysis/2WVQoEzFxodptHFuQqraT9,0.57,175273,0.903,2WVQoEzFxodptHFuQqraT9,0.0,9,0.199,-4.835,1,0.0905,93.943,4,https://api.spotify.com/v1/tracks/2WVQoEzFxodptHFuQqraT9,audio_features,spotify:track:2WVQoEzFxodptHFuQqraT9,0.603,5bf8e902421d7f3f41ed8d0f,false,2WVQoEzFxodptHFuQqraT9,2018-11-24 01:00:34.715
0.365,https://api.spotify.com/v1/audio-analysis/6GmUVqe73u5YRfUUynZK6I,0.479,252733,0.545,6GmUVqe73u5YRfUUynZK6I,0.0,7,0.0963,-7.346,1,0.0688,74.897,4,https://api.spotify.com/v1/tracks/6GmUVqe73u5YRfUUynZK6I,audio_features,spotify:track:6GmUVqe73u5YRfUUynZK6I,0.244,5bf8e929421d7f3f41ed8d10,false,6GmUVqe73u5YRfUUynZK6I,2018-11-24 01:01:13.796
0.0857,https://api.spotify.com/v1/audio-analysis/6jq6rcOikCZAmjliAgAmfT,0.57,239853,0.763,6jq6rcOikCZAmjliAgAmfT,2.49e-06,1,0.0932,-4.137,1,0.0573,150.088,4,https://api.spotify.com/v1/tracks/6jq6rcOikCZAmjliAgAmfT,audio_features,spotify:track:6jq6rcOikCZAmjliAgAmfT,0.43,5bf8e94d421d7f3f41ed8d11,true,6jq6rcOikCZAmjliAgAmfT,2018-11-24 01:01:49.940
0.523,https://api.spotify.com/v1/audio-analysis/4Y3mmrkY9ChgPGlOUvUhBA,0.571,260903,0.688,4Y3mmrkY9ChgPGlOUvUhBA,5.48e-05,11,0.148,-4.943,0,0.0401,155.157,4,https://api.spotify.com/v1/tracks/4Y3mmrkY9ChgPGlOUvUhBA,audio_features,spotify:track:4Y3mmrkY9ChgPGlOUvUhBA,0.346,5bf8e977421d7f3f41ed8d12,true,4Y3mmrkY9ChgPGlOUvUhBA,2018-11-24 01:02:31.975
0.386,https://api.spotify.com/v1/audio-analysis/18mdufP92X6lM5qwEXdiA5,0.441,299143,0.525,18mdufP92X6lM5qwEXdiA5,0.000609,4,0.185,-6.946,1,0.0392,104.575,4,https://api.spotify.com/v1/tracks/18mdufP92X6lM5qwEXdiA5,audio_features,spotify:track:18mdufP92X6lM5qwEXdiA5,0.232,5bf8e99b421d7f3f41ed8d13,false,18mdufP92X6lM5qwEXdiA5,2018-11-24 01:03:07.688
0.0114,https://api.spotify.com/v1/audio-analysis/4S8d14HvHb70ImctNgVzQQ,0.901,127947,0.522,4S8d14HvHb70ImctNgVzQQ,0.0,2,0.259,-8.304,1,0.33,104.053,4,https://api.spotify.com/v1/tracks/4S8d14HvHb70ImctNgVzQQ,audio_features,spotify:track:4S8d14HvHb70ImctNgVzQQ,0.329,5bf8e9a6421d7f3f41ed8d14,true,4S8d14HvHb70ImctNgVzQQ,2018-11-24 01:03:18.474
0.142,https://api.spotify.com/v1/audio-analysis/4KW1lqgSr8TKrvBII0Brf8,0.714,135920,0.566,4KW1lqgSr8TKrvBII0Brf8,1.25e-06,7,0.57,-4.408,1,0.056,113.074,4,https://api.spotify.com/v1/tracks/4KW1lqgSr8TKrvBII0Brf8,audio_features,spotify:track:4KW1lqgSr8TKrvBII0Brf8,0.449,5bf8e9b8421d7f3f41ed8d15,false,4KW1lqgSr8TKrvBII0Brf8,2018-11-24 01:03:36.099
0.0363,https://api.spotify.com/v1/audio-analysis/3nAq2hCr1oWsIU54tS98pL,0.386,181573,0.587,3nAq2hCr1oWsIU54tS98pL,3.71e-06,10,0.332,-4.454,1,0.0519,96.072,4,https://api.spotify.com/v1/tracks/3nAq2hCr1oWsIU54tS98pL,audio_features,spotify:track:3nAq2hCr1oWsIU54tS98pL,0.0565,5bf8e9c0421d7f3f41ed8d16,false,3nAq2hCr1oWsIU54tS98pL,2018-11-24 01:03:44.531
0.00487,https://api.spotify.com/v1/audio-analysis/0ZEPdiFgQcWxmGU4uVMsHm,0.434,332467,0.677,0ZEPdiFgQcWxmGU4uVMsHm,0.000282,6,0.231,-5.887,0,0.038,103.083,4,https://api.spotify.com/v1/tracks/0ZEPdiFgQcWxmGU4uVMsHm,audio_features,spotify:track:0ZEPdiFgQcWxmGU4uVMsHm,0.0975,5bf8e9e1421d7f3f41ed8d17,true,0ZEPdiFgQcWxmGU4uVMsHm,2018-11-24 01:04:17.327
0.0772,https://api.spotify.com/v1/audio-analysis/22rR4BenmUYZUOMovJXwge,0.578,222426,0.794,22rR4BenmUYZUOMovJXwge,7.54e-05,0,0.113,-3.642,1,0.0552,110.034,4,https://api.spotify.com/v1/tracks/22rR4BenmUYZUOMovJXwge,audio_features,spotify:track:22rR4BenmUYZUOMovJXwge,0.336,5bf8e9ec421d7f3f41ed8d18,true,22rR4BenmUYZUOMovJXwge,2018-11-24 01:04:28.064
0.0203,https://api.spotify.com/v1/audio-analysis/1t5heM81ZBUc6V2muwDnx3,0.546,240008,0.648,1t5heM81ZBUc6V2muwDnx3,0.0,7,0.249,-3.995,0,0.0423,147.929,4,https://api.spotify.com/v1/tracks/1t5heM81ZBUc6V2muwDnx3,audio_features,spotify:track:1t5heM81ZBUc6V2muwDnx3,0.197,5bf8ea24421d7f3f41ed8d19,true,1t5heM81ZBUc6V2muwDnx3,2018-11-24 01:05:24.122
0.0629,https://api.spotify.com/v1/audio-analysis/3qO8p5ccCElEk2MMAI0u4J,0.5,204000,0.82,3qO8p5ccCElEk2MMAI0u4J,0.000372,7,0.598,-4.024,0,0.0644,147.946,4,https://api.spotify.com/v1/tracks/3qO8p5ccCElEk2MMAI0u4J,audio_features,spotify:track:3qO8p5ccCElEk2MMAI0u4J,0.294,5bf8ea5c421d7f3f41ed8d1a,true,3qO8p5ccCElEk2MMAI0u4J,2018-11-24 01:06:20.660
0.0192,https://api.spotify.com/v1/audio-analysis/7fVk1KvrGbiADXtgIVrbfP,0.562,184348,0.842,7fVk1KvrGbiADXtgIVrbfP,0.0,1,0.131,-5.229,0,0.0345,137.989,4,https://api.spotify.com/v1/tracks/7fVk1KvrGbiADXtgIVrbfP,audio_features,spotify:track:7fVk1KvrGbiADXtgIVrbfP,0.544,5bf8eaf2421d7f3f41ed8d1b,false,7fVk1KvrGbiADXtgIVrbfP,2018-11-24 01:08:50.997
0.00778,https://api.spotify.com/v1/audio-analysis/65ES1qwOB577ZnTkizMXJJ,0.898,156800,0.935,65ES1qwOB577ZnTkizMXJJ,3.63e-05,11,0.217,-2.744,1,0.291,150.016,4,https://api.spotify.com/v1/tracks/65ES1qwOB577ZnTkizMXJJ,audio_features,spotify:track:65ES1qwOB577ZnTkizMXJJ,0.884,5bf8eb0b421d7f3f41ed8d1c,true,65ES1qwOB577ZnTkizMXJJ,2018-11-24 01:09:15.517
0.0019,https://api.spotify.com/v1/audio-analysis/6JyuJFedEvPmdWQW0PkbGJ,0.457,215510,0.899,6JyuJFedEvPmdWQW0PkbGJ,0.0,10,0.831,-2.591,0,0.132,147.268,4,https://api.spotify.com/v1/tracks/6JyuJFedEvPmdWQW0PkbGJ,audio_features,spotify:track:6JyuJFedEvPmdWQW0PkbGJ,0.298,5bf8eb1b421d7f3f41ed8d1d,false,6JyuJFedEvPmdWQW0PkbGJ,2018-11-24 01:09:31.757
